Role,Content
User,how are you
Assistant,"I am doing well, thank you for asking!  As a large language model, I don't experience emotions or feelings in the same way humans do, but I'm functioning optimally and ready to assist you. How can I help you today?
"
User,hi how are you
Assistant,"I am doing well, thank you for asking!  How are you today?
"
User,Hey there!
Assistant,"Hey there! How can I help you today?
"
User,Hey there!
Assistant,"Hey there!  How can I help you today?
"
User,Hey there!
Assistant,"Hey there!  How can I help you today?
"
User,Hey there!
User,Hi
Assistant,"Hi there! How can I help you today?
"
User,Hi
Assistant,"Hi there! How can I help you today?
"
User,Hi
User,hi there are you listening
Assistant,"Yes, I am listening.  How can I help you?
"
Assistant,"Hi, I am Airi! I am AirSphere's GenAI-powered intelligent assistant, how can I help you today?"
User,hey
Assistant,"Hey there! How can I help you today?
"
User,hey
Assistant,"Hey there! How can I help you today?
"
User,hey
Assistant,"Hey there! How can I help you today?
"
User,hay hay Re can you tell me about the aqi levels in India
Assistant,"India's Air Quality Index (AQI) varies drastically depending on location, season, and weather conditions.  There's no single AQI for the entire country.  Instead, different cities and regions experience vastly different levels of air pollution.

Generally speaking:

* **High levels of air pollution are a significant and widespread problem in many parts of India.**  Many major cities frequently experience AQI readings that fall into the ""unhealthy,"" ""very unhealthy,"" and even ""hazardous"" categories.  This is particularly true during the winter months (October-February) due to factors like stubble burning in agricultural areas, colder temperatures trapping pollutants, and increased use of heating and transportation.

* **Northern India is often the most affected.**  States like Delhi, Punjab, Haryana, and Uttar Pradesh frequently see extremely high AQI levels, particularly during the winter months.  This is due to a combination of factors, including industrial emissions, vehicular pollution, and the aforementioned agricultural burning.

* **Other regions also experience significant pollution.** While northern India gets the most attention, many other cities and regions across India experience unhealthy AQI levels, though perhaps not as consistently severe as in the north.  Industrial areas and densely populated urban centers are generally more polluted.

* **AQI varies significantly throughout the day and year.**  Pollution levels can fluctuate based on meteorological conditions like wind speed and direction.  The time of day also impacts AQI; pollution may be worse during peak traffic hours or in the early morning due to temperature inversions.

* **Monitoring and reporting vary.** While there are official monitoring stations, the accuracy and consistency of AQI reporting can vary across locations.

To get specific information, you need to specify a city or region.  You can find real-time AQI data for various Indian cities through online resources like:

* **Central Pollution Control Board (CPCB) of India:** The official government agency for air quality monitoring.
* **IQAir:** A reputable international air quality monitoring website.
* **Other weather and news websites:** Many weather and news sources in India will include AQI information for major cities.

In short, while it's impossible to give a single AQI for all of India, it's safe to say that air pollution is a serious and widespread concern in many areas, requiring continuous monitoring and efforts to mitigate the problem.
"
Assistant,"Hi, I am Airi! I am AirSphere's GenAI-powered intelligent assistant, how can I help you today?"
User,hi can you tell me about the aqi levels in India
Assistant,"Air quality in India is a complex and serious issue, varying drastically by location and season.  There's no single AQI (Air Quality Index) for the entire country.  Instead, India has numerous monitoring stations across its cities and regions, each reporting its own AQI.  These are often reported by government agencies like the Central Pollution Control Board (CPCB).

Here's what we generally know about AQI levels in India:

* **High Levels are Common:**  Many Indian cities frequently experience AQI levels that are categorized as ""Unhealthy,"" ""Very Unhealthy,"" or even ""Hazardous."" This is especially true during the winter months (October-February) due to factors like agricultural burning (stubble burning), industrial emissions, construction, and vehicular pollution.

* **Regional Variations:**  The AQI varies significantly across the country.  Northern India, especially the Indo-Gangetic Plain (including Delhi, Punjab, Haryana, Uttar Pradesh), experiences the worst air quality due to a combination of factors mentioned above.  Other major cities like Mumbai, Kolkata, and Chennai also often face poor air quality, though generally not as severe as the north.

* **Seasonal Fluctuations:**  Air quality is usually worse during winter due to temperature inversions trapping pollutants close to the ground, and during the post-harvest season due to stubble burning.  Monsoon season (June-September) often brings some temporary relief due to rainfall washing away pollutants.

* **Sources of Pollution:**  The major contributors to India's poor air quality include:
    * **Vehicular emissions:**  A large and growing number of vehicles contribute significantly to air pollution, especially in urban areas.
    * **Industrial emissions:**  Industries release various pollutants into the atmosphere.
    * **Construction dust:**  Construction activities generate large amounts of dust particles.
    * **Agricultural burning:**  Burning of crop residue after harvest, especially in Punjab and Haryana, is a major contributor to seasonal spikes in pollution.
    * **Domestic fuel burning:**  Use of biomass fuels for cooking and heating in many households contributes to indoor and outdoor air pollution.


To find the current AQI for a specific location in India, you should use a reliable real-time air quality monitoring website or app.  Many such resources are available online, often providing data from government agencies or independent monitoring networks.  Searching for ""India AQI"" or ""[city name] AQI"" will provide you with the most up-to-date information.

It's crucial to remember that even moderately elevated AQI levels can pose significant health risks, particularly for vulnerable populations like children, the elderly, and those with respiratory or cardiovascular problems.
"
User,can you tell me about
Assistant,"Please tell me what you want to know about.  I need a topic to give you information.
"
Assistant,"Hi, I am Airi! I am AirSphere's GenAI-powered intelligent assistant, how can I help you today?"
User,can you tell me about the aqi level
Assistant,"The Air Quality Index (AQI) is a number used by government agencies to communicate to the public how clean or polluted the air is.  It's based on a scale that translates concentrations of five major air pollutants regulated by the Clean Air Act into a single number.  This number makes it easier for people to understand and quickly assess the air quality in their area.

Here's a breakdown:

* **What pollutants are measured?**  The AQI typically considers:
    * **Ground-level ozone:** A harmful air pollutant formed when nitrogen oxides and volatile organic compounds react in sunlight.
    * **Particulate matter (PM2.5 and PM10):** Tiny particles in the air that can penetrate deep into the lungs and cause respiratory and cardiovascular problems. PM2.5 refers to particles smaller than 2.5 micrometers in diameter, while PM10 refers to particles smaller than 10 micrometers.
    * **Carbon monoxide (CO):** A colorless, odorless gas that can be fatal at high concentrations.
    * **Sulfur dioxide (SO2):** A gas that can cause respiratory problems.
    * **Nitrogen dioxide (NO2):** A reddish-brown gas that can irritate the lungs and worsen respiratory conditions.

* **How is the AQI calculated?**  The AQI is calculated differently depending on the country and sometimes even the region within a country.  However, the general principle is that the concentration of each pollutant is converted to an AQI value, and the highest AQI value among the pollutants is reported as the overall AQI for that area.  This means the AQI reflects the *worst* pollutant present.

* **What do the AQI numbers mean?**  The AQI is typically categorized into ranges, each corresponding to a different level of health concern:

    * **Good (0-50):** Air quality is considered satisfactory, and air pollution poses little or no risk.
    * **Moderate (51-100):** Air quality is acceptable; however, for some pollutants there may be a moderate health concern for a very small number of people who are unusually sensitive to air pollution.
    * **Unhealthy for Sensitive Groups (101-150):**  Members of sensitive groups may experience health effects. This group includes children, older adults, and people with respiratory diseases (such as asthma).
    * **Unhealthy (151-200):**  Everyone may begin to experience health effects; members of sensitive groups may experience more serious health effects.
    * **Very Unhealthy (201-300):**  Health warnings of emergency conditions.  The entire population is more likely to be affected.
    * **Hazardous (301-500):**  Health alert: everyone may experience more serious health effects.

* **Where can I find the AQI?**  Many countries and regions have government websites or apps that provide real-time AQI information for different locations.  You can also find this information through various weather apps and news sources.

It's important to note that the AQI is a guide, and individual sensitivity to air pollution can vary.  If you have respiratory problems or other health concerns, you should consult your doctor about precautions to take on days with poor air quality.
"
Assistant,"Hi, I am Airi! I am AirSphere's GenAI-powered intelligent assistant, how can I help you today?"
Assistant,"Hi, I am Airi! I am AirSphere's GenAI-powered intelligent assistant, how can I help you today?"
Assistant,"Hi, I am Airi! I am AirSphere's GenAI-powered intelligent assistant, how can I help you today?"
Assistant,"Hi, I am Airi! I am AirSphere's GenAI-powered intelligent assistant, how can I help you today?"
Assistant,"Hi, I am Airi! I am AirSphere's GenAI-powered intelligent assistant, how can I help you today?"
Assistant,"Hi, I am Airi! I am AirSphere's GenAI-powered intelligent assistant, how can I help you today?"
Assistant,"Hi, I am Airi! I am AirSphere's GenAI-powered intelligent assistant, how can I help you today?"
Assistant,"Hi, I am Airi! I am AirSphere's GenAI-powered intelligent assistant, how can I help you today?"
Assistant,"Hi, I am Airi! I am AirSphere's GenAI-powered intelligent assistant, how can I help you today?"
Assistant,"Hi, I am Airi! I am AirSphere's GenAI-powered intelligent assistant, how can I help you today?"
Assistant,"Hi, I am Airi! I am AirSphere's GenAI-powered intelligent assistant, how can I help you today?"
Assistant,"Hi, I am Airi! I am AirSphere's GenAI-powered intelligent assistant, how can I help you today?"
Assistant,"Hi, I am Airi! I am AirSphere's GenAI-powered intelligent assistant, how can I help you today?"
Assistant,"Hi, I am Airi! I am AirSphere's GenAI-powered intelligent assistant, how can I help you today?"
