Title,Description,Published At,Source,URL,Saved At
It's the Midwest's time to shine: Baby boomers explain why the left the Sunbelt and moved back north,Rising housing costs and temperatures have helped push some from the Sunbelt to the Midwest.,2025-04-19T08:06:01Z,Business Insider,https://www.businessinsider.com/baby-boomer-homeowners-retirees-moved-from-sunbelt-to-midwest-2025-4,2025-04-28 23:32:01
Jurassic World Rebirth Isn’t Trying to Hide Its Nostalgia Play,The newest entry in the dino franchise aims to recapture the awe and excitement that made the original a cinematic phenomenon.,2025-04-17T18:50:16Z,Gizmodo.com,https://gizmodo.com/jurassic-world-rebirth-isnt-trying-to-hide-its-nostalgia-play-2000590632,2025-04-28 23:32:01
"TP-Link SolarCam Kit Just Crashed Below Black Friday Pricing on Amazon, but Not for Long","Solar-powered security, this TP-Link's camera brings endless power to home surveillance.",2025-04-17T14:55:04Z,Gizmodo.com,https://gizmodo.com/tp-link-solarcam-kit-just-crashed-below-black-friday-pricing-on-amazon-but-not-for-long-2000590423,2025-04-28 23:32:01
5 ways we’re making progress on climate change,"A version of this story originally appeared in the Good News newsletter. Sign up here! Any time I try to convince skeptical people that the world isn’t as bad as they think it is — which I do quite a lot, given that I write a newsletter called Good News — the…",2025-04-25T22:07:25Z,Vox,https://www.vox.com/future-perfect/410553/climate-change-clean-energy-carbon-emissions-renewable-energy-progress,2025-04-28 23:32:01
"Length of a Day on Uranus Revised, Pour Height Influences Coffee Quality, and Plastics Recycling Falls Short.","A fluid study homes in on the best method to make a cup of coffee, scientists use the Hubble Telescope to reassess the length of a day on Uranus, and we discuss more of the latest in science in this news roundup.",2025-04-14T10:00:00Z,Scientific American,https://www.scientificamerican.com/podcast/episode/length-of-a-day-on-uranus-revised-pour-height-influences-coffee-quality-and/,2025-04-28 23:32:01
The 7 Best Earth Day Deals of 2025,"Shop some of our favorite eco-friendly, organic, and reusable products that are on sale for Earth Day.",2025-04-22T10:07:00Z,Wired,https://www.wired.com/story/earth-day-deals-2025/,2025-04-28 23:32:01
Trump’s ‘war on science’ hands Europe major tech talent opportunity,"As the Trump administration ramps up what academics call a  “war on science,” US researchers are increasingly looking to Europe for new opportunities — which could be good news for the continent’s tech sectors. France, in particular, is positioning itself as …",2025-04-21T13:23:26Z,The Next Web,https://thenextweb.com/news/trump-war-on-science-could-benefit-european-tech-talent,2025-04-28 23:32:01
This Modest Gadget Is the New Superhero of the Energy-Efficient Home,Big savings and few downsides: Why doesn't your home have a smart learning thermostat yet?,2025-04-16T12:00:11Z,CNET,https://www.cnet.com/home/smart-home/features/this-modest-gadget-is-the-new-superhero-of-the-energy-efficient-home/,2025-04-28 23:32:01
Over 150 Million People In U.S. Live In Places With Failing Pollution Grades—These Cities Have The Worst Pollution,"Air quality has been worsening because of climate change, particularly wildfires and extreme heat, according to the American Lung Association’s annual report.",2025-04-23T19:39:22Z,Forbes,https://www.forbes.com/sites/mollybohannon/2025/04/23/over-150-million-people-in-us-live-in-places-with-failing-pollution-grades-these-cities-have-the-worst-pollution/,2025-04-28 23:32:01
"Controlled burns reduce wildfire risk, but they require trained staff and funding. This could be a rough year","Red skies in August, longer fire seasons and checking air quality before taking my toddler to the park. This has become the new norm in the western United States as wildfires become more frequent, larger and more catastrophic.",2025-04-23T16:50:01Z,Phys.Org,https://phys.org/news/2025-04-wildfire-require-staff-funding-rough.html,2025-04-28 23:32:01
